{
  "accuracy": 0.9804878048780488,
  "precision": 0.9809523809523809,
  "recall": 0.9809523809523809,
  "f1": 0.9809523809523809,
  "roc_auc": 0.9969523809523809,
  "best_params": {
    "model__min_samples_split": 14,
    "model__min_samples_leaf": 3,
    "model__max_features": 0.5,
    "model__max_depth": null,
    "model__class_weight": null,
    "model__bootstrap": false
  },
  "cv_best_roc_auc": 0.9889994554711536
}